{"Parameters": {"notes": "2023_01_04_cell_1", "Morphology": {"sm_len": 1.5e-05, "sm_diam": 1.5e-05, "dend_len": 0.0005, "dend_diam_start": 4e-06, "dend_diam_end": 4e-06, "num_dend_segments": 0}, "Passive": {"Em": -0.08578489356445922, "sm_RM": 0.09617037750223785, "sm_CM": 0.28315517505273463, "sm_RA": 1.18, "dend_RM": 1.54, "dend_CM": 0.021, "dend_RA": 0.73}, "Channels": {"h_Chan": {"Gbar": 6.136916061271349e-09, "Erev": -0.04, "Kinetics": "../Kinetics/h_Chan_Hay2011_exact"}}}}
{"Parameters": {"notes": "2023_01_04_cell_2", "Morphology": {"sm_len": 1.5e-05, "sm_diam": 1.5e-05, "dend_len": 0.0005, "dend_diam_start": 4e-06, "dend_diam_end": 4e-06, "num_dend_segments": 0}, "Passive": {"Em": -0.09298390155969755, "sm_RM": 0.172846217137967, "sm_CM": 0.20668236170084173, "sm_RA": 1.18, "dend_RM": 1.54, "dend_CM": 0.021, "dend_RA": 0.73}, "Channels": {"h_Chan": {"Gbar": 1.5572597784791494e-08, "Erev": -0.04, "Kinetics": "../Kinetics/h_Chan_Hay2011_exact"}}}}
{"Parameters": {"notes": "2023_01_04_cell_3", "Morphology": {"sm_len": 1.5e-05, "sm_diam": 1.5e-05, "dend_len": 0.0005, "dend_diam_start": 4e-06, "dend_diam_end": 4e-06, "num_dend_segments": 0}, "Passive": {"Em": -0.08631024990489876, "sm_RM": 0.1416062097483087, "sm_CM": 0.18989344873620254, "sm_RA": 1.18, "dend_RM": 1.54, "dend_CM": 0.021, "dend_RA": 0.73}, "Channels": {"h_Chan": {"Gbar": 9.047013220112858e-09, "Erev": -0.04, "Kinetics": "../Kinetics/h_Chan_Hay2011_exact"}}}}
{"Parameters": {"notes": "2023_01_04_cell_4", "Morphology": {"sm_len": 1.5e-05, "sm_diam": 1.5e-05, "dend_len": 0.0005, "dend_diam_start": 4e-06, "dend_diam_end": 4e-06, "num_dend_segments": 0}, "Passive": {"Em": -0.10065940373314677, "sm_RM": 0.2571481451966482, "sm_CM": 0.2231371810372734, "sm_RA": 1.18, "dend_RM": 1.54, "dend_CM": 0.021, "dend_RA": 0.73}, "Channels": {"h_Chan": {"Gbar": 1.5948988493502133e-08, "Erev": -0.04, "Kinetics": "../Kinetics/h_Chan_Hay2011_exact"}}}}
{"Parameters": {"notes": "2023_01_04_cell_5", "Morphology": {"sm_len": 1.5e-05, "sm_diam": 1.5e-05, "dend_len": 0.0005, "dend_diam_start": 4e-06, "dend_diam_end": 4e-06, "num_dend_segments": 0}, "Passive": {"Em": -0.08722615010855697, "sm_RM": 0.13236077745393654, "sm_CM": 0.1903144885188692, "sm_RA": 1.18, "dend_RM": 1.54, "dend_CM": 0.021, "dend_RA": 0.73}, "Channels": {"h_Chan": {"Gbar": 1.0988220737573485e-08, "Erev": -0.04, "Kinetics": "../Kinetics/h_Chan_Hay2011_exact"}}}}
{"Parameters": {"notes": "2023_01_04_cell_6", "Morphology": {"sm_len": 1.5e-05, "sm_diam": 1.5e-05, "dend_len": 0.0005, "dend_diam_start": 4e-06, "dend_diam_end": 4e-06, "num_dend_segments": 0}, "Passive": {"Em": -0.07928647234873601, "sm_RM": 0.1122169549150027, "sm_CM": 0.0882379182386883, "sm_RA": 1.18, "dend_RM": 1.54, "dend_CM": 0.021, "dend_RA": 0.73}, "Channels": {"h_Chan": {"Gbar": 1.697518899943723e-09, "Erev": -0.04, "Kinetics": "../Kinetics/h_Chan_Hay2011_exact"}}}}
{"Parameters": {"notes": "2023_01_20_cell_2", "Morphology": {"sm_len": 1.5e-05, "sm_diam": 1.5e-05, "dend_len": 0.0005, "dend_diam_start": 4e-06, "dend_diam_end": 4e-06, "num_dend_segments": 0}, "Passive": {"Em": -0.08273210445522204, "sm_RM": 0.1200949208764065, "sm_CM": 0.124338287347208, "sm_RA": 1.18, "dend_RM": 1.54, "dend_CM": 0.021, "dend_RA": 0.73}, "Channels": {"h_Chan": {"Gbar": 3.4670411836780263e-09, "Erev": -0.04, "Kinetics": "../Kinetics/h_Chan_Hay2011_exact"}}}}
{"Parameters": {"notes": "2023_01_20_cell_3", "Morphology": {"sm_len": 1.5e-05, "sm_diam": 1.5e-05, "dend_len": 0.0005, "dend_diam_start": 4e-06, "dend_diam_end": 4e-06, "num_dend_segments": 0}, "Passive": {"Em": -0.08783361555467893, "sm_RM": 0.12932220077299736, "sm_CM": 0.24832796489957557, "sm_RA": 1.18, "dend_RM": 1.54, "dend_CM": 0.021, "dend_RA": 0.73}, "Channels": {"h_Chan": {"Gbar": 6.773458208145812e-09, "Erev": -0.04, "Kinetics": "../Kinetics/h_Chan_Hay2011_exact"}}}}
{"Parameters": {"notes": "2023_01_20_cell_4", "Morphology": {"sm_len": 1.5e-05, "sm_diam": 1.5e-05, "dend_len": 0.0005, "dend_diam_start": 4e-06, "dend_diam_end": 4e-06, "num_dend_segments": 0}, "Passive": {"Em": -0.08033344716102703, "sm_RM": 0.15880477168586052, "sm_CM": 0.11378425806083, "sm_RA": 1.18, "dend_RM": 1.54, "dend_CM": 0.021, "dend_RA": 0.73}, "Channels": {"h_Chan": {"Gbar": 4.777623281934511e-09, "Erev": -0.04, "Kinetics": "../Kinetics/h_Chan_Hay2011_exact"}}}}
{"Parameters": {"notes": "2023_02_13_cell_1", "Morphology": {"sm_len": 1.5e-05, "sm_diam": 1.5e-05, "dend_len": 0.0005, "dend_diam_start": 4e-06, "dend_diam_end": 4e-06, "num_dend_segments": 0}, "Passive": {"Em": -0.08820256835384271, "sm_RM": 0.17601707509339085, "sm_CM": 0.13583511436856596, "sm_RA": 1.18, "dend_RM": 1.54, "dend_CM": 0.021, "dend_RA": 0.73}, "Channels": {"h_Chan": {"Gbar": 4.581134899665826e-09, "Erev": -0.04, "Kinetics": "../Kinetics/h_Chan_Hay2011_exact"}}}}
{"Parameters": {"notes": "2023_02_13_cell_2", "Morphology": {"sm_len": 1.5e-05, "sm_diam": 1.5e-05, "dend_len": 0.0005, "dend_diam_start": 4e-06, "dend_diam_end": 4e-06, "num_dend_segments": 0}, "Passive": {"Em": -0.09009537631270831, "sm_RM": 0.25972757112626266, "sm_CM": 0.15043394803886678, "sm_RA": 1.18, "dend_RM": 1.54, "dend_CM": 0.021, "dend_RA": 0.73}, "Channels": {"h_Chan": {"Gbar": 4.130480081616187e-09, "Erev": -0.04, "Kinetics": "../Kinetics/h_Chan_Hay2011_exact"}}}}
{"Parameters": {"notes": "2023_02_13_cell_3", "Morphology": {"sm_len": 1.5e-05, "sm_diam": 1.5e-05, "dend_len": 0.0005, "dend_diam_start": 4e-06, "dend_diam_end": 4e-06, "num_dend_segments": 0}, "Passive": {"Em": -0.090395781179587, "sm_RM": 0.1361953835268525, "sm_CM": 0.14949776591500602, "sm_RA": 1.18, "dend_RM": 1.54, "dend_CM": 0.021, "dend_RA": 0.73}, "Channels": {"h_Chan": {"Gbar": 3.420691152988741e-09, "Erev": -0.04, "Kinetics": "../Kinetics/h_Chan_Hay2011_exact"}}}}
{"Parameters": {"notes": "2023_02_13_cell_4", "Morphology": {"sm_len": 1.5e-05, "sm_diam": 1.5e-05, "dend_len": 0.0005, "dend_diam_start": 4e-06, "dend_diam_end": 4e-06, "num_dend_segments": 0}, "Passive": {"Em": -0.09467288362721958, "sm_RM": 0.34863888324288556, "sm_CM": 0.16399853833964853, "sm_RA": 1.18, "dend_RM": 1.54, "dend_CM": 0.021, "dend_RA": 0.73}, "Channels": {"h_Chan": {"Gbar": 5.884176610336222e-09, "Erev": -0.04, "Kinetics": "../Kinetics/h_Chan_Hay2011_exact"}}}}
