{"Parameters": {"notes": "2023_01_04_cell_1", "Morphology": {"sm_len": 1.5e-05, "sm_diam": 1.5e-05, "dend_len": 0.0005, "dend_diam_start": 4e-06, "dend_diam_end": 4e-06, "num_dend_segments": 10}, "Passive": {"Em": -0.08578489356445922, "sm_RM": 9.966686685272123, "sm_CM": 0.04457183854923756, "sm_RA": 7.496049282881439, "dend_RM": 0.9382946659746749, "dend_CM": 0.03098788850800468, "dend_RA": 1.0047240803462252}, "Channels": {"h_Chan": {"Gbar": 6.136916061271349e-09, "Erev": -0.04, "Kinetics": "../Kinetics/h_Chan_Hay2011_exact"}}}}
{"Parameters": {"notes": "2023_01_04_cell_2", "Morphology": {"sm_len": 1.5e-05, "sm_diam": 1.5e-05, "dend_len": 0.0005, "dend_diam_start": 4e-06, "dend_diam_end": 4e-06, "num_dend_segments": 10}, "Passive": {"Em": -0.09298390155969755, "sm_RM": 0.25511453130561285, "sm_CM": 0.0010000000000003827, "sm_RA": 9.99999999999769, "dend_RM": 9.999999999992498, "dend_CM": 0.033747396663402644, "dend_RA": 1.9500380727656246}, "Channels": {"h_Chan": {"Gbar": 1.5572597784791494e-08, "Erev": -0.04, "Kinetics": "../Kinetics/h_Chan_Hay2011_exact"}}}}
{"Parameters": {"notes": "2023_01_04_cell_3", "Morphology": {"sm_len": 1.5e-05, "sm_diam": 1.5e-05, "dend_len": 0.0005, "dend_diam_start": 4e-06, "dend_diam_end": 4e-06, "num_dend_segments": 10}, "Passive": {"Em": -0.08631024990489876, "sm_RM": 9.97996786875459, "sm_CM": 0.0385766351369032, "sm_RA": 9.643131930449965, "dend_RM": 1.2288002896650883, "dend_CM": 0.02049322812159734, "dend_RA": 1.178875350872329}, "Channels": {"h_Chan": {"Gbar": 9.047013220112858e-09, "Erev": -0.04, "Kinetics": "../Kinetics/h_Chan_Hay2011_exact"}}}}
{"Parameters": {"notes": "2023_01_04_cell_4", "Morphology": {"sm_len": 1.5e-05, "sm_diam": 1.5e-05, "dend_len": 0.0005, "dend_diam_start": 4e-06, "dend_diam_end": 4e-06, "num_dend_segments": 10}, "Passive": {"Em": -0.10065940373314677, "sm_RM": 9.999055303097132, "sm_CM": 0.08398595759226725, "sm_RA": 0.13252956244630276, "dend_RM": 2.9507561146036645, "dend_CM": 0.06956025506673597, "dend_RA": 9.999924799482441}, "Channels": {"h_Chan": {"Gbar": 1.5948988493502133e-08, "Erev": -0.04, "Kinetics": "../Kinetics/h_Chan_Hay2011_exact"}}}}
{"Parameters": {"notes": "2023_01_04_cell_5", "Morphology": {"sm_len": 1.5e-05, "sm_diam": 1.5e-05, "dend_len": 0.0005, "dend_diam_start": 4e-06, "dend_diam_end": 4e-06, "num_dend_segments": 10}, "Passive": {"Em": -0.08722615010855697, "sm_RM": 7.863357845410148, "sm_CM": 0.02685087791315532, "sm_RA": 9.195644638537397, "dend_RM": 1.3718105606512752, "dend_CM": 0.023160822484411803, "dend_RA": 0.9321700872036196}, "Channels": {"h_Chan": {"Gbar": 1.0988220737573485e-08, "Erev": -0.04, "Kinetics": "../Kinetics/h_Chan_Hay2011_exact"}}}}
{"Parameters": {"notes": "2023_01_04_cell_6", "Morphology": {"sm_len": 1.5e-05, "sm_diam": 1.5e-05, "dend_len": 0.0005, "dend_diam_start": 4e-06, "dend_diam_end": 4e-06, "num_dend_segments": 10}, "Passive": {"Em": -0.07928647234873601, "sm_RM": 0.1477128728230092, "sm_CM": 0.006472770399798404, "sm_RA": 0.14452066704601163, "dend_RM": 9.999940068153387, "dend_CM": 0.012576603138782921, "dend_RA": 8.524086094618497}, "Channels": {"h_Chan": {"Gbar": 1.697518899943723e-09, "Erev": -0.04, "Kinetics": "../Kinetics/h_Chan_Hay2011_exact"}}}}
{"Parameters": {"notes": "2023_01_20_cell_2", "Morphology": {"sm_len": 1.5e-05, "sm_diam": 1.5e-05, "dend_len": 0.0005, "dend_diam_start": 4e-06, "dend_diam_end": 4e-06, "num_dend_segments": 10}, "Passive": {"Em": -0.08273210445522204, "sm_RM": 0.1667507096436177, "sm_CM": 0.0010000000000000002, "sm_RA": 9.999999999999998, "dend_RM": 9.99999999999949, "dend_CM": 0.017596529080355926, "dend_RA": 3.146453786910979}, "Channels": {"h_Chan": {"Gbar": 3.4670411836780263e-09, "Erev": -0.04, "Kinetics": "../Kinetics/h_Chan_Hay2011_exact"}}}}
{"Parameters": {"notes": "2023_01_20_cell_3", "Morphology": {"sm_len": 1.5e-05, "sm_diam": 1.5e-05, "dend_len": 0.0005, "dend_diam_start": 4e-06, "dend_diam_end": 4e-06, "num_dend_segments": 10}, "Passive": {"Em": -0.08783361555467893, "sm_RM": 5.467084328739244, "sm_CM": 0.02851885474974597, "sm_RA": 3.2902234343887233, "dend_RM": 1.0611081716340944, "dend_CM": 0.027392405392222617, "dend_RA": 1.1469741085131642}, "Channels": {"h_Chan": {"Gbar": 6.773458208145812e-09, "Erev": -0.04, "Kinetics": "../Kinetics/h_Chan_Hay2011_exact"}}}}
{"Parameters": {"notes": "2023_01_20_cell_4", "Morphology": {"sm_len": 1.5e-05, "sm_diam": 1.5e-05, "dend_len": 0.0005, "dend_diam_start": 4e-06, "dend_diam_end": 4e-06, "num_dend_segments": 10}, "Passive": {"Em": -0.08033344716102703, "sm_RM": 0.3604209807869318, "sm_CM": 0.005395737644922267, "sm_RA": 6.8886583911916235, "dend_RM": 5.20262488489834, "dend_CM": 0.01863815601428921, "dend_RA": 2.3443229401153207}, "Channels": {"h_Chan": {"Gbar": 4.777623281934511e-09, "Erev": -0.04, "Kinetics": "../Kinetics/h_Chan_Hay2011_exact"}}}}
{"Parameters": {"notes": "2023_02_13_cell_1", "Morphology": {"sm_len": 1.5e-05, "sm_diam": 1.5e-05, "dend_len": 0.0005, "dend_diam_start": 4e-06, "dend_diam_end": 4e-06, "num_dend_segments": 10}, "Passive": {"Em": -0.08820256835384271, "sm_RM": 0.30144292849733945, "sm_CM": 0.0010000000000000002, "sm_RA": 9.999999999999998, "dend_RM": 9.999999999997353, "dend_CM": 0.02343227356429703, "dend_RA": 3.3840937757450864}, "Channels": {"h_Chan": {"Gbar": 4.581134899665826e-09, "Erev": -0.04, "Kinetics": "../Kinetics/h_Chan_Hay2011_exact"}}}}
{"Parameters": {"notes": "2023_02_13_cell_2", "Morphology": {"sm_len": 1.5e-05, "sm_diam": 1.5e-05, "dend_len": 0.0005, "dend_diam_start": 4e-06, "dend_diam_end": 4e-06, "num_dend_segments": 10}, "Passive": {"Em": -0.09009537631270831, "sm_RM": 9.955156302698425, "sm_CM": 0.029311216795296937, "sm_RA": 9.905280835672988, "dend_RM": 1.8300733349799294, "dend_CM": 0.01771384989707453, "dend_RA": 1.9384268104056392}, "Channels": {"h_Chan": {"Gbar": 4.130480081616187e-09, "Erev": -0.04, "Kinetics": "../Kinetics/h_Chan_Hay2011_exact"}}}}
{"Parameters": {"notes": "2023_02_13_cell_3", "Morphology": {"sm_len": 1.5e-05, "sm_diam": 1.5e-05, "dend_len": 0.0005, "dend_diam_start": 4e-06, "dend_diam_end": 4e-06, "num_dend_segments": 10}, "Passive": {"Em": -0.090395781179587, "sm_RM": 9.969768604153794, "sm_CM": 0.032089029669433555, "sm_RA": 8.00729351049664, "dend_RM": 0.9375991553250794, "dend_CM": 0.019842656679837544, "dend_RA": 1.4478168911283638}, "Channels": {"h_Chan": {"Gbar": 3.420691152988741e-09, "Erev": -0.04, "Kinetics": "../Kinetics/h_Chan_Hay2011_exact"}}}}
{"Parameters": {"notes": "2023_02_13_cell_4", "Morphology": {"sm_len": 1.5e-05, "sm_diam": 1.5e-05, "dend_len": 0.0005, "dend_diam_start": 4e-06, "dend_diam_end": 4e-06, "num_dend_segments": 10}, "Passive": {"Em": -0.09467288362721958, "sm_RM": 0.5564643005819888, "sm_CM": 0.0010000000000000002, "sm_RA": 9.999999999999966, "dend_RM": 9.999999999919833, "dend_CM": 0.020133225216688366, "dend_RA": 2.8689723054804097}, "Channels": {"h_Chan": {"Gbar": 5.884176610336222e-09, "Erev": -0.04, "Kinetics": "../Kinetics/h_Chan_Hay2011_exact"}}}}
